Region;Servicio de salud;Comuna;Establecimiento;CodigoEstablecimiento;Mes;Numerador;Denominador;PorcentajeCumplimiento
Antofagasta;Servicio de Salud Antofagasta;Antofagasta;Hospital Dr. Leonardo Guzmán (Antofagasta);103100;1;105;206;50.97
Antofagasta;Servicio de Salud Antofagasta;Antofagasta;Hospital Dr. Leonardo Guzmán (Antofagasta);103100;2;102;188;54.26
Antofagasta;Servicio de Salud Antofagasta;Antofagasta;Hospital Dr. Leonardo Guzmán (Antofagasta);103100;3;78;209;37.32
Antofagasta;Servicio de Salud Antofagasta;Antofagasta;Hospital Dr. Leonardo Guzmán (Antofagasta);103100;4;95;207;45.89
Antofagasta;Servicio de Salud Antofagasta;Antofagasta;Hospital Dr. Leonardo Guzmán (Antofagasta);103100;5;90;184;48.91
Antofagasta;Servicio de Salud Antofagasta;Antofagasta;Hospital Dr. Leonardo Guzmán (Antofagasta);103100;6;101;195;51.79
Antofagasta;Servicio de Salud Antofagasta;Calama;Hospital Dr. Carlos Cisternas (Calama);103101;1;105;128;82.03
Antofagasta;Servicio de Salud Antofagasta;Calama;Hospital Dr. Carlos Cisternas (Calama);103101;2;95;117;81.2
Antofagasta;Servicio de Salud Antofagasta;Calama;Hospital Dr. Carlos Cisternas (Calama);103101;3;126;155;81.29
Antofagasta;Servicio de Salud Antofagasta;Calama;Hospital Dr. Carlos Cisternas (Calama);103101;4;120;147;81.63
Antofagasta;Servicio de Salud Antofagasta;Calama;Hospital Dr. Carlos Cisternas (Calama);103101;5;104;146;71.23
Antofagasta;Servicio de Salud Antofagasta;Calama;Hospital Dr. Carlos Cisternas (Calama);103101;6;102;142;71.83
Antofagasta;Servicio de Salud Antofagasta;Mejillones;Hospital de Mejillones;103104;2;2;1;200.0
Antofagasta;Servicio de Salud Antofagasta;Mejillones;Hospital de Mejillones;103104;3;2;2;100.0
Antofagasta;Servicio de Salud Antofagasta;Mejillones;Hospital de Mejillones;103104;6;1;4;25.0
Antofagasta;Servicio de Salud Antofagasta;San Pedro de Atacama;Centro de Salud Familiar San Pedro Atacama;103311;6;0;4;0.0
Antofagasta;Servicio de Salud Antofagasta;Taltal;Hospital 21 de Mayo (Taltal);103103;2;2;2;100.0
Antofagasta;Servicio de Salud Antofagasta;Taltal;Hospital 21 de Mayo (Taltal);103103;3;2;2;100.0
Antofagasta;Servicio de Salud Antofagasta;Taltal;Hospital 21 de Mayo (Taltal);103103;5;1;1;100.0
Antofagasta;Servicio de Salud Antofagasta;Taltal;Hospital 21 de Mayo (Taltal);103103;6;2;2;100.0
Antofagasta;Servicio de Salud Antofagasta;Tocopilla;Hospital Dr. Marcos Macuada (Tocopilla);103102;1;4;3;133.33
Antofagasta;Servicio de Salud Antofagasta;Tocopilla;Hospital Dr. Marcos Macuada (Tocopilla);103102;2;1;1;100.0
Antofagasta;Servicio de Salud Antofagasta;Tocopilla;Hospital Dr. Marcos Macuada (Tocopilla);103102;3;4;4;100.0
Antofagasta;Servicio de Salud Antofagasta;Tocopilla;Hospital Dr. Marcos Macuada (Tocopilla);103102;4;3;6;50.0
Antofagasta;Servicio de Salud Antofagasta;Tocopilla;Hospital Dr. Marcos Macuada (Tocopilla);103102;5;3;3;100.0
Antofagasta;Servicio de Salud Antofagasta;Tocopilla;Hospital Dr. Marcos Macuada (Tocopilla);103102;6;3;3;100.0
Arica Parinacota;Servicio de Salud Arica y Parinacota;Arica;Hospital Regional Dr. Juan Noé Crevani (Arica);101100;1;157;158;99.37
Arica Parinacota;Servicio de Salud Arica y Parinacota;Arica;Hospital Regional Dr. Juan Noé Crevani (Arica);101100;2;113;118;95.76
Arica Parinacota;Servicio de Salud Arica y Parinacota;Arica;Hospital Regional Dr. Juan Noé Crevani (Arica);101100;3;165;174;94.83
Arica Parinacota;Servicio de Salud Arica y Parinacota;Arica;Hospital Regional Dr. Juan Noé Crevani (Arica);101100;4;188;195;96.41
Arica Parinacota;Servicio de Salud Arica y Parinacota;Arica;Hospital Regional Dr. Juan Noé Crevani (Arica);101100;5;138;140;98.57
Arica Parinacota;Servicio de Salud Arica y Parinacota;Arica;Hospital Regional Dr. Juan Noé Crevani (Arica);101100;6;150;152;98.68
Atacama;Servicio de Salud Atacama;Chañaral;Hospital Dr. Jerónimo Méndez Arancibia (Chañaral);104101;2;1;0;
Atacama;Servicio de Salud Atacama;Chañaral;Hospital Dr. Jerónimo Méndez Arancibia (Chañaral);104101;5;2;1;200.0
Atacama;Servicio de Salud Atacama;Chañaral;Hospital Dr. Jerónimo Méndez Arancibia (Chañaral);104101;6;1;1;100.0
Atacama;Servicio de Salud Atacama;Copiapó;Hospital San José del Carmen (Copiapó);104100;1;115;123;93.5
Atacama;Servicio de Salud Atacama;Copiapó;Hospital San José del Carmen (Copiapó);104100;2;109;118;92.37
Atacama;Servicio de Salud Atacama;Copiapó;Hospital San José del Carmen (Copiapó);104100;3;91;109;83.49
Atacama;Servicio de Salud Atacama;Copiapó;Hospital San José del Carmen (Copiapó);104100;4;89;111;80.18
Atacama;Servicio de Salud Atacama;Copiapó;Hospital San José del Carmen (Copiapó);104100;5;104;114;91.23
Atacama;Servicio de Salud Atacama;Copiapó;Hospital San José del Carmen (Copiapó);104100;6;101;110;91.82
Atacama;Servicio de Salud Atacama;Vallenar;Hospital Provincial del Huasco Monseñor Fernando Ariztía Ruiz (Vallenar);104103;1;47;47;100.0
Atacama;Servicio de Salud Atacama;Vallenar;Hospital Provincial del Huasco Monseñor Fernando Ariztía Ruiz (Vallenar);104103;2;37;38;97.37
Atacama;Servicio de Salud Atacama;Vallenar;Hospital Provincial del Huasco Monseñor Fernando Ariztía Ruiz (Vallenar);104103;3;49;48;102.08
Atacama;Servicio de Salud Atacama;Vallenar;Hospital Provincial del Huasco Monseñor Fernando Ariztía Ruiz (Vallenar);104103;4;47;51;92.16
Atacama;Servicio de Salud Atacama;Vallenar;Hospital Provincial del Huasco Monseñor Fernando Ariztía Ruiz (Vallenar);104103;5;62;51;121.57
Atacama;Servicio de Salud Atacama;Vallenar;Hospital Provincial del Huasco Monseñor Fernando Ariztía Ruiz (Vallenar);104103;6;39;42;92.86
Aysén del General Carlos Ibañez del Campo;Servicio de Salud Aysén;Aisén;Hospital de Puerto Aysén;125101;1;3;4;75.0
Aysén del General Carlos Ibañez del Campo;Servicio de Salud Aysén;Aisén;Hospital de Puerto Aysén;125101;2;4;4;100.0
Aysén del General Carlos Ibañez del Campo;Servicio de Salud Aysén;Aisén;Hospital de Puerto Aysén;125101;3;1;2;50.0
Aysén del General Carlos Ibañez del Campo;Servicio de Salud Aysén;Aisén;Hospital de Puerto Aysén;125101;4;1;1;100.0
Aysén del General Carlos Ibañez del Campo;Servicio de Salud Aysén;Aisén;Hospital de Puerto Aysén;125101;5;2;5;40.0
Aysén del General Carlos Ibañez del Campo;Servicio de Salud Aysén;Aisén;Hospital de Puerto Aysén;125101;6;4;2;200.0
Aysén del General Carlos Ibañez del Campo;Servicio de Salud Aysén;Chile Chico;Hospital Dr. Leopoldo Ortega Rodríguez (Chile Chico);125102;1;1;0;
Aysén del General Carlos Ibañez del Campo;Servicio de Salud Aysén;Cochrane;Hospital Lord Cochrane;125103;1;1;2;50.0
Aysén del General Carlos Ibañez del Campo;Servicio de Salud Aysén;Cochrane;Hospital Lord Cochrane;125103;4;2;0;
Aysén del General Carlos Ibañez del Campo;Servicio de Salud Aysén;Coyhaique;Hospital Regional de Coyhaique;125100;1;39;88;44.32
Aysén del General Carlos Ibañez del Campo;Servicio de Salud Aysén;Coyhaique;Hospital Regional de Coyhaique;125100;2;47;49;95.92
Aysén del General Carlos Ibañez del Campo;Servicio de Salud Aysén;Coyhaique;Hospital Regional de Coyhaique;125100;3;27;69;39.13
Aysén del General Carlos Ibañez del Campo;Servicio de Salud Aysén;Coyhaique;Hospital Regional de Coyhaique;125100;4;20;47;42.55
Aysén del General Carlos Ibañez del Campo;Servicio de Salud Aysén;Coyhaique;Hospital Regional de Coyhaique;125100;5;51;55;92.73
Aysén del General Carlos Ibañez del Campo;Servicio de Salud Aysén;Coyhaique;Hospital Regional de Coyhaique;125100;6;52;54;96.3
Biobío;Servicio de Salud Arauco;Cañete;Hospital Intercultural Kallvu Llanka (Cañete);128111;1;6;3;200.0
Biobío;Servicio de Salud Arauco;Cañete;Hospital Intercultural Kallvu Llanka (Cañete);128111;2;13;10;130.0
Biobío;Servicio de Salud Arauco;Cañete;Hospital Intercultural Kallvu Llanka (Cañete);128111;3;7;8;87.5
Biobío;Servicio de Salud Arauco;Cañete;Hospital Intercultural Kallvu Llanka (Cañete);128111;4;5;8;62.5
Biobío;Servicio de Salud Arauco;Cañete;Hospital Intercultural Kallvu Llanka (Cañete);128111;5;3;2;150.0
Biobío;Servicio de Salud Arauco;Cañete;Hospital Intercultural Kallvu Llanka (Cañete);128111;6;4;3;133.33
Biobío;Servicio de Salud Arauco;Curanilahue;Hospital Provincial Dr. Rafael Avaría (Curanilahue);128109;1;49;58;84.48
Biobío;Servicio de Salud Arauco;Curanilahue;Hospital Provincial Dr. Rafael Avaría (Curanilahue);128109;2;59;77;76.62
Biobío;Servicio de Salud Arauco;Curanilahue;Hospital Provincial Dr. Rafael Avaría (Curanilahue);128109;3;56;70;80.0
Biobío;Servicio de Salud Arauco;Curanilahue;Hospital Provincial Dr. Rafael Avaría (Curanilahue);128109;4;57;69;82.61
Biobío;Servicio de Salud Arauco;Curanilahue;Hospital Provincial Dr. Rafael Avaría (Curanilahue);128109;5;52;68;76.47
Biobío;Servicio de Salud Arauco;Curanilahue;Hospital Provincial Dr. Rafael Avaría (Curanilahue);128109;6;58;71;81.69
Biobío;Servicio de Salud Arauco;Lebu;Hospital de Lebu;128110;1;1;1;100.0
Biobío;Servicio de Salud Arauco;Lebu;Hospital de Lebu;128110;3;0;1;0.0
Biobío;Servicio de Salud Arauco;Lebu;Hospital de Lebu;128110;5;1;1;100.0
Biobío;Servicio de Salud Biobío;Laja;Hospital Comunitario de Laja;120105;3;1;1;100.0
Biobío;Servicio de Salud Biobío;Laja;Hospital Comunitario de Laja;120105;5;1;1;100.0
Biobío;Servicio de Salud Biobío;Los Ángeles;Complejo Asistencial Dr. Víctor Ríos Ruiz (Los Ángeles);120101;1;189;200;94.5
Biobío;Servicio de Salud Biobío;Los Ángeles;Complejo Asistencial Dr. Víctor Ríos Ruiz (Los Ángeles);120101;2;161;176;91.48
Biobío;Servicio de Salud Biobío;Los Ángeles;Complejo Asistencial Dr. Víctor Ríos Ruiz (Los Ángeles);120101;3;177;185;95.68
Biobío;Servicio de Salud Biobío;Los Ángeles;Complejo Asistencial Dr. Víctor Ríos Ruiz (Los Ángeles);120101;4;174;183;95.08
Biobío;Servicio de Salud Biobío;Los Ángeles;Complejo Asistencial Dr. Víctor Ríos Ruiz (Los Ángeles);120101;5;165;175;94.29
Biobío;Servicio de Salud Biobío;Los Ángeles;Complejo Asistencial Dr. Víctor Ríos Ruiz (Los Ángeles);120101;6;172;164;104.88
Biobío;Servicio de Salud Biobío;Mulchén;Hospital de Mulchén;120102;1;2;2;100.0
Biobío;Servicio de Salud Biobío;Mulchén;Hospital de Mulchén;120102;5;1;2;50.0
Biobío;Servicio de Salud Biobío;Santa Bárbara;Hospital Comunitario de Santa Bárbara;120106;2;1;1;100.0
Biobío;Servicio de Salud Biobío;Santa Bárbara;Hospital Comunitario de Santa Bárbara;120106;3;1;1;100.0
Biobío;Servicio de Salud Biobío;Santa Bárbara;Hospital Comunitario de Santa Bárbara;120106;4;0;1;0.0
Biobío;Servicio de Salud Biobío;Santa Bárbara;Hospital Comunitario de Santa Bárbara;120106;6;0;1;0.0
Biobío;Servicio de Salud Concepción;Concepción;Hospital Clínico Regional Dr. Guillermo Grant Benavente (Concepción);118100;1;142;160;88.75
Biobío;Servicio de Salud Concepción;Concepción;Hospital Clínico Regional Dr. Guillermo Grant Benavente (Concepción);118100;2;140;154;90.91
Biobío;Servicio de Salud Concepción;Concepción;Hospital Clínico Regional Dr. Guillermo Grant Benavente (Concepción);118100;3;144;157;91.72
Biobío;Servicio de Salud Concepción;Concepción;Hospital Clínico Regional Dr. Guillermo Grant Benavente (Concepción);118100;4;147;165;89.09
Biobío;Servicio de Salud Concepción;Concepción;Hospital Clínico Regional Dr. Guillermo Grant Benavente (Concepción);118100;5;152;165;92.12
Biobío;Servicio de Salud Concepción;Concepción;Hospital Clínico Regional Dr. Guillermo Grant Benavente (Concepción);118100;6;122;135;90.37
Biobío;Servicio de Salud Concepción;Coronel;Hospital San José (Coronel);118105;1;41;41;100.0
Biobío;Servicio de Salud Concepción;Coronel;Hospital San José (Coronel);118105;2;84;44;190.91
Biobío;Servicio de Salud Concepción;Coronel;Hospital San José (Coronel);118105;3;42;49;85.71
Biobío;Servicio de Salud Concepción;Coronel;Hospital San José (Coronel);118105;4;40;46;86.96
Biobío;Servicio de Salud Concepción;Coronel;Hospital San José (Coronel);118105;5;43;43;100.0
Biobío;Servicio de Salud Concepción;Coronel;Hospital San José (Coronel);118105;6;38;38;100.0
Biobío;Servicio de Salud Concepción;Lota;Hospital de Lota;118106;1;8;7;114.29
Biobío;Servicio de Salud Concepción;Lota;Hospital de Lota;118106;2;7;7;100.0
Biobío;Servicio de Salud Concepción;Lota;Hospital de Lota;118106;3;8;8;100.0
Biobío;Servicio de Salud Concepción;Lota;Hospital de Lota;118106;4;4;4;100.0
Biobío;Servicio de Salud Concepción;Lota;Hospital de Lota;118106;5;6;9;66.67
Biobío;Servicio de Salud Concepción;Lota;Hospital de Lota;118106;6;4;4;100.0
Biobío;Servicio de Salud Talcahuano;Penco;Hospital Penco Lirquén;119102;2;2;3;66.67
Biobío;Servicio de Salud Talcahuano;Penco;Hospital Penco Lirquén;119102;5;1;1;100.0
Biobío;Servicio de Salud Talcahuano;Talcahuano;Hospital Las Higueras (Talcahuano);119100;1;129;143;90.21
Biobío;Servicio de Salud Talcahuano;Talcahuano;Hospital Las Higueras (Talcahuano);119100;2;115;120;95.83
Biobío;Servicio de Salud Talcahuano;Talcahuano;Hospital Las Higueras (Talcahuano);119100;3;140;151;92.72
Biobío;Servicio de Salud Talcahuano;Talcahuano;Hospital Las Higueras (Talcahuano);119100;4;113;122;92.62
Biobío;Servicio de Salud Talcahuano;Talcahuano;Hospital Las Higueras (Talcahuano);119100;5;119;125;95.2
Biobío;Servicio de Salud Talcahuano;Talcahuano;Hospital Las Higueras (Talcahuano);119100;6;121;123;98.37
Biobío;Servicio de Salud Talcahuano;Tome;Hospital de Tomé;119101;2;0;1;0.0
Biobío;Servicio de Salud Talcahuano;Tome;Hospital de Tomé;119101;3;1;1;100.0
Biobío;Servicio de Salud Talcahuano;Tome;Hospital de Tomé;119101;4;2;2;100.0
Biobío;Servicio de Salud Talcahuano;Tome;Hospital de Tomé;119101;5;1;1;100.0
Coquimbo;Servicio de Salud Coquimbo;Andacollo;Hospital Dr. José Arraño (Andacollo);105106;6;1;1;100.0
Coquimbo;Servicio de Salud Coquimbo;Coquimbo;Hospital San Pablo (Coquimbo);105101;1;130;136;95.59
Coquimbo;Servicio de Salud Coquimbo;Coquimbo;Hospital San Pablo (Coquimbo);105101;2;162;166;97.59
Coquimbo;Servicio de Salud Coquimbo;Coquimbo;Hospital San Pablo (Coquimbo);105101;3;179;190;94.21
Coquimbo;Servicio de Salud Coquimbo;Coquimbo;Hospital San Pablo (Coquimbo);105101;4;164;169;97.04
Coquimbo;Servicio de Salud Coquimbo;Coquimbo;Hospital San Pablo (Coquimbo);105101;5;158;166;95.18
Coquimbo;Servicio de Salud Coquimbo;Coquimbo;Hospital San Pablo (Coquimbo);105101;6;171;176;97.16
Coquimbo;Servicio de Salud Coquimbo;Illapel;Hospital Dr. Humberto Elorza Cortés (Illapel);105103;1;43;36;119.44
Coquimbo;Servicio de Salud Coquimbo;Illapel;Hospital Dr. Humberto Elorza Cortés (Illapel);105103;2;44;33;133.33
Coquimbo;Servicio de Salud Coquimbo;Illapel;Hospital Dr. Humberto Elorza Cortés (Illapel);105103;3;44;37;118.92
Coquimbo;Servicio de Salud Coquimbo;Illapel;Hospital Dr. Humberto Elorza Cortés (Illapel);105103;4;42;32;131.25
Coquimbo;Servicio de Salud Coquimbo;Illapel;Hospital Dr. Humberto Elorza Cortés (Illapel);105103;5;10;30;33.33
Coquimbo;Servicio de Salud Coquimbo;Illapel;Hospital Dr. Humberto Elorza Cortés (Illapel);105103;6;45;38;118.42
Coquimbo;Servicio de Salud Coquimbo;La Serena;Hospital San Juan de Dios (La Serena);105100;1;112;117;95.73
Coquimbo;Servicio de Salud Coquimbo;La Serena;Hospital San Juan de Dios (La Serena);105100;2;116;119;97.48
Coquimbo;Servicio de Salud Coquimbo;La Serena;Hospital San Juan de Dios (La Serena);105100;3;113;121;93.39
Coquimbo;Servicio de Salud Coquimbo;La Serena;Hospital San Juan de Dios (La Serena);105100;4;133;133;100.0
Coquimbo;Servicio de Salud Coquimbo;La Serena;Hospital San Juan de Dios (La Serena);105100;5;113;121;93.39
Coquimbo;Servicio de Salud Coquimbo;La Serena;Hospital San Juan de Dios (La Serena);105100;6;148;156;94.87
Coquimbo;Servicio de Salud Coquimbo;Los Vilos;Hospital San Pedro (Los Vilos);105108;1;2;2;100.0
Coquimbo;Servicio de Salud Coquimbo;Los Vilos;Hospital San Pedro (Los Vilos);105108;2;2;0;
Coquimbo;Servicio de Salud Coquimbo;Los Vilos;Hospital San Pedro (Los Vilos);105108;3;2;2;100.0
Coquimbo;Servicio de Salud Coquimbo;Los Vilos;Hospital San Pedro (Los Vilos);105108;4;2;2;100.0
Coquimbo;Servicio de Salud Coquimbo;Los Vilos;Hospital San Pedro (Los Vilos);105108;5;4;4;100.0
Coquimbo;Servicio de Salud Coquimbo;Los Vilos;Hospital San Pedro (Los Vilos);105108;6;3;3;100.0
Coquimbo;Servicio de Salud Coquimbo;Ovalle;Hospital Dr. Antonio Tirado Lanas de Ovalle;105102;1;93;124;75.0
Coquimbo;Servicio de Salud Coquimbo;Ovalle;Hospital Dr. Antonio Tirado Lanas de Ovalle;105102;2;75;80;93.75
Coquimbo;Servicio de Salud Coquimbo;Ovalle;Hospital Dr. Antonio Tirado Lanas de Ovalle;105102;3;90;95;94.74
Coquimbo;Servicio de Salud Coquimbo;Ovalle;Hospital Dr. Antonio Tirado Lanas de Ovalle;105102;4;96;97;98.97
Coquimbo;Servicio de Salud Coquimbo;Ovalle;Hospital Dr. Antonio Tirado Lanas de Ovalle;105102;5;88;93;94.62
Coquimbo;Servicio de Salud Coquimbo;Ovalle;Hospital Dr. Antonio Tirado Lanas de Ovalle;105102;6;116;123;94.31
Coquimbo;Servicio de Salud Coquimbo;Salamanca;Hospital de Salamanca;105104;1;1;1;100.0
Coquimbo;Servicio de Salud Coquimbo;Salamanca;Hospital de Salamanca;105104;2;2;2;100.0
Coquimbo;Servicio de Salud Coquimbo;Salamanca;Hospital de Salamanca;105104;3;1;2;50.0
Coquimbo;Servicio de Salud Coquimbo;Salamanca;Hospital de Salamanca;105104;4;0;1;0.0
Coquimbo;Servicio de Salud Coquimbo;Salamanca;Hospital de Salamanca;105104;5;3;3;100.0
Coquimbo;Servicio de Salud Coquimbo;Salamanca;Hospital de Salamanca;105104;6;1;1;100.0
Coquimbo;Servicio de Salud Coquimbo;Vicuña;Hospital San Juan de Dios (Vicuña);105107;1;6;3;200.0
Coquimbo;Servicio de Salud Coquimbo;Vicuña;Hospital San Juan de Dios (Vicuña);105107;2;2;1;200.0
Coquimbo;Servicio de Salud Coquimbo;Vicuña;Hospital San Juan de Dios (Vicuña);105107;3;4;2;200.0
La Araucanía;Servicio de Salud Araucanía Norte;Angol;Hospital Dr. Mauricio Heyermann (Angol);129100;1;67;74;90.54
La Araucanía;Servicio de Salud Araucanía Norte;Angol;Hospital Dr. Mauricio Heyermann (Angol);129100;2;13;67;19.4
La Araucanía;Servicio de Salud Araucanía Norte;Angol;Hospital Dr. Mauricio Heyermann (Angol);129100;3;14;79;17.72
La Araucanía;Servicio de Salud Araucanía Norte;Angol;Hospital Dr. Mauricio Heyermann (Angol);129100;4;0;55;0.0
La Araucanía;Servicio de Salud Araucanía Norte;Angol;Hospital Dr. Mauricio Heyermann (Angol);129100;5;18;57;31.58
La Araucanía;Servicio de Salud Araucanía Norte;Angol;Hospital Dr. Mauricio Heyermann (Angol);129100;6;35;81;43.21
La Araucanía;Servicio de Salud Araucanía Norte;Collipulli;Hospital de Collipulli;129103;4;1;1;100.0
La Araucanía;Servicio de Salud Araucanía Norte;Lonquimay;Hospital de Lonquimay;129108;4;0;1;0.0
La Araucanía;Servicio de Salud Araucanía Norte;Traiguén;Hospital Dr. Dino Stagno M.(Traiguén);129104;1;0;1;0.0
La Araucanía;Servicio de Salud Araucanía Norte;Traiguén;Hospital Dr. Dino Stagno M.(Traiguén);129104;2;0;1;0.0
La Araucanía;Servicio de Salud Araucanía Norte;Traiguén;Hospital Dr. Dino Stagno M.(Traiguén);129104;3;0;1;0.0
La Araucanía;Servicio de Salud Araucanía Norte;Traiguén;Hospital Dr. Dino Stagno M.(Traiguén);129104;5;0;1;0.0
La Araucanía;Servicio de Salud Araucanía Norte;Traiguén;Hospital Dr. Dino Stagno M.(Traiguén);129104;6;0;2;0.0
La Araucanía;Servicio de Salud Araucanía Norte;Victoria;Hospital San José de Victoria;129106;1;28;75;37.33
La Araucanía;Servicio de Salud Araucanía Norte;Victoria;Hospital San José de Victoria;129106;2;16;51;31.37
La Araucanía;Servicio de Salud Araucanía Norte;Victoria;Hospital San José de Victoria;129106;3;15;43;34.88
La Araucanía;Servicio de Salud Araucanía Norte;Victoria;Hospital San José de Victoria;129106;4;22;53;41.51
La Araucanía;Servicio de Salud Araucanía Norte;Victoria;Hospital San José de Victoria;129106;5;14;50;28.0
La Araucanía;Servicio de Salud Araucanía Norte;Victoria;Hospital San José de Victoria;129106;6;15;49;30.61
La Araucanía;Servicio de Salud Araucanía Sur;Carahue;Hospital Familiar y Comunitario Carahue;121115;1;2;1;200.0
La Araucanía;Servicio de Salud Araucanía Sur;Carahue;Hospital Familiar y Comunitario Carahue;121115;3;1;1;100.0
La Araucanía;Servicio de Salud Araucanía Sur;Cunco;Hospital Dr. Eduardo González Galeno (Cunco);121113;4;1;1;100.0
La Araucanía;Servicio de Salud Araucanía Sur;Galvarino;Hospital de Galvarino;121111;1;1;1;100.0
La Araucanía;Servicio de Salud Araucanía Sur;Galvarino;Hospital de Galvarino;121111;4;1;1;100.0
La Araucanía;Servicio de Salud Araucanía Sur;Gorbea;Hospital de Gorbea;121119;2;1;2;50.0
La Araucanía;Servicio de Salud Araucanía Sur;Lautaro;Hospital Dr. Abraham Godoy Peña (Lautaro);121110;1;9;16;56.25
La Araucanía;Servicio de Salud Araucanía Sur;Lautaro;Hospital Dr. Abraham Godoy Peña (Lautaro);121110;2;8;8;100.0
La Araucanía;Servicio de Salud Araucanía Sur;Lautaro;Hospital Dr. Abraham Godoy Peña (Lautaro);121110;3;8;21;38.1
La Araucanía;Servicio de Salud Araucanía Sur;Lautaro;Hospital Dr. Abraham Godoy Peña (Lautaro);121110;4;4;7;57.14
La Araucanía;Servicio de Salud Araucanía Sur;Lautaro;Hospital Dr. Abraham Godoy Peña (Lautaro);121110;5;6;9;66.67
La Araucanía;Servicio de Salud Araucanía Sur;Lautaro;Hospital Dr. Abraham Godoy Peña (Lautaro);121110;6;5;19;26.32
La Araucanía;Servicio de Salud Araucanía Sur;Loncoche;Hospital Familiar y Comunitario de Loncoche;121120;1;1;1;100.0
La Araucanía;Servicio de Salud Araucanía Sur;Loncoche;Hospital Familiar y Comunitario de Loncoche;121120;5;1;1;100.0
La Araucanía;Servicio de Salud Araucanía Sur;Nueva Imperial;Hospital Intercultural de Nueva Imperial;121114;1;16;16;100.0
La Araucanía;Servicio de Salud Araucanía Sur;Nueva Imperial;Hospital Intercultural de Nueva Imperial;121114;2;12;12;100.0
La Araucanía;Servicio de Salud Araucanía Sur;Nueva Imperial;Hospital Intercultural de Nueva Imperial;121114;3;13;13;100.0
La Araucanía;Servicio de Salud Araucanía Sur;Nueva Imperial;Hospital Intercultural de Nueva Imperial;121114;4;12;13;92.31
La Araucanía;Servicio de Salud Araucanía Sur;Nueva Imperial;Hospital Intercultural de Nueva Imperial;121114;5;7;7;100.0
La Araucanía;Servicio de Salud Araucanía Sur;Nueva Imperial;Hospital Intercultural de Nueva Imperial;121114;6;20;20;100.0
La Araucanía;Servicio de Salud Araucanía Sur;Pitrufquén;Hospital de Pitrufquén;121117;1;7;7;100.0
La Araucanía;Servicio de Salud Araucanía Sur;Pitrufquén;Hospital de Pitrufquén;121117;2;8;8;100.0
La Araucanía;Servicio de Salud Araucanía Sur;Pitrufquén;Hospital de Pitrufquén;121117;3;14;14;100.0
La Araucanía;Servicio de Salud Araucanía Sur;Pitrufquén;Hospital de Pitrufquén;121117;4;8;8;100.0
La Araucanía;Servicio de Salud Araucanía Sur;Pitrufquén;Hospital de Pitrufquén;121117;5;11;11;100.0
La Araucanía;Servicio de Salud Araucanía Sur;Pitrufquén;Hospital de Pitrufquén;121117;6;9;9;100.0
La Araucanía;Servicio de Salud Araucanía Sur;Pucón;Hospital San Francisco de Pucón (D);121200;1;5;5;100.0
La Araucanía;Servicio de Salud Araucanía Sur;Pucón;Hospital San Francisco de Pucón (D);121200;2;5;5;100.0
La Araucanía;Servicio de Salud Araucanía Sur;Pucón;Hospital San Francisco de Pucón (D);121200;3;1;1;100.0
La Araucanía;Servicio de Salud Araucanía Sur;Pucón;Hospital San Francisco de Pucón (D);121200;4;3;3;100.0
La Araucanía;Servicio de Salud Araucanía Sur;Saavedra;Hospital Dr. Arturo Hillerns Larrañaga (Saavedra);121116;4;0;1;0.0
La Araucanía;Servicio de Salud Araucanía Sur;Saavedra;Hospital Dr. Arturo Hillerns Larrañaga (Saavedra);121116;5;0;1;0.0
La Araucanía;Servicio de Salud Araucanía Sur;Temuco;Hospital Dr. Hernán Henríquez Aravena (Temuco);121109;1;304;324;93.83
La Araucanía;Servicio de Salud Araucanía Sur;Temuco;Hospital Dr. Hernán Henríquez Aravena (Temuco);121109;2;282;294;95.92
La Araucanía;Servicio de Salud Araucanía Sur;Temuco;Hospital Dr. Hernán Henríquez Aravena (Temuco);121109;3;308;319;96.55
La Araucanía;Servicio de Salud Araucanía Sur;Temuco;Hospital Dr. Hernán Henríquez Aravena (Temuco);121109;4;280;301;93.02
La Araucanía;Servicio de Salud Araucanía Sur;Temuco;Hospital Dr. Hernán Henríquez Aravena (Temuco);121109;5;306;320;95.62
La Araucanía;Servicio de Salud Araucanía Sur;Temuco;Hospital Dr. Hernán Henríquez Aravena (Temuco);121109;6;296;312;94.87
La Araucanía;Servicio de Salud Araucanía Sur;Toltén;Hospital de Toltén;121118;2;2;1;200.0
La Araucanía;Servicio de Salud Araucanía Sur;Villarrica;Hospital de Villarrica;121121;1;66;68;97.06
La Araucanía;Servicio de Salud Araucanía Sur;Villarrica;Hospital de Villarrica;121121;2;71;75;94.67
La Araucanía;Servicio de Salud Araucanía Sur;Villarrica;Hospital de Villarrica;121121;3;98;84;116.67
La Araucanía;Servicio de Salud Araucanía Sur;Villarrica;Hospital de Villarrica;121121;4;92;93;98.92
La Araucanía;Servicio de Salud Araucanía Sur;Villarrica;Hospital de Villarrica;121121;5;76;77;98.7
La Araucanía;Servicio de Salud Araucanía Sur;Villarrica;Hospital de Villarrica;121121;6;93;96;96.88
Libertador Gral. B. O'Higgins;Servicio de Salud Del Libertador B.O'Higgins;Graneros;Hospital Santa Filomena de Graneros;115101;1;2;1;200.0
Libertador Gral. B. O'Higgins;Servicio de Salud Del Libertador B.O'Higgins;Graneros;Hospital Santa Filomena de Graneros;115101;5;0;1;0.0
Libertador Gral. B. O'Higgins;Servicio de Salud Del Libertador B.O'Higgins;Lolol;Hospital de Lolol;115113;4;0;2;0.0
Libertador Gral. B. O'Higgins;Servicio de Salud Del Libertador B.O'Higgins;Nancagua;Hospital de Nancagua;115109;2;0;1;0.0
Libertador Gral. B. O'Higgins;Servicio de Salud Del Libertador B.O'Higgins;Peumo;Hospital Del Salvador de Peumo;115103;1;0;2;0.0
Libertador Gral. B. O'Higgins;Servicio de Salud Del Libertador B.O'Higgins;Peumo;Hospital Del Salvador de Peumo;115103;3;1;1;100.0
Libertador Gral. B. O'Higgins;Servicio de Salud Del Libertador B.O'Higgins;Peumo;Hospital Del Salvador de Peumo;115103;4;1;1;100.0
Libertador Gral. B. O'Higgins;Servicio de Salud Del Libertador B.O'Higgins;Peumo;Hospital Del Salvador de Peumo;115103;5;0;1;0.0
Libertador Gral. B. O'Higgins;Servicio de Salud Del Libertador B.O'Higgins;Pichidegua;Hospital de Pichidegua;115106;3;0;1;0.0
Libertador Gral. B. O'Higgins;Servicio de Salud Del Libertador B.O'Higgins;Pichilemu;Hospital de Pichilemu;115112;2;1;1;100.0
Libertador Gral. B. O'Higgins;Servicio de Salud Del Libertador B.O'Higgins;Pichilemu;Hospital de Pichilemu;115112;3;1;1;100.0
Libertador Gral. B. O'Higgins;Servicio de Salud Del Libertador B.O'Higgins;Pichilemu;Hospital de Pichilemu;115112;4;1;0;
Libertador Gral. B. O'Higgins;Servicio de Salud Del Libertador B.O'Higgins;Pichilemu;Hospital de Pichilemu;115112;5;1;2;50.0
Libertador Gral. B. O'Higgins;Servicio de Salud Del Libertador B.O'Higgins;Pichilemu;Hospital de Pichilemu;115112;6;1;2;50.0
Libertador Gral. B. O'Higgins;Servicio de Salud Del Libertador B.O'Higgins;Rancagua;Hospital Dr. Franco Ravera Zunino;115100;1;164;211;77.73
Libertador Gral. B. O'Higgins;Servicio de Salud Del Libertador B.O'Higgins;Rancagua;Hospital Dr. Franco Ravera Zunino;115100;2;173;204;84.8
Libertador Gral. B. O'Higgins;Servicio de Salud Del Libertador B.O'Higgins;Rancagua;Hospital Dr. Franco Ravera Zunino;115100;3;169;195;86.67
Libertador Gral. B. O'Higgins;Servicio de Salud Del Libertador B.O'Higgins;Rancagua;Hospital Dr. Franco Ravera Zunino;115100;4;152;199;76.38
Libertador Gral. B. O'Higgins;Servicio de Salud Del Libertador B.O'Higgins;Rancagua;Hospital Dr. Franco Ravera Zunino;115100;5;198;209;94.74
Libertador Gral. B. O'Higgins;Servicio de Salud Del Libertador B.O'Higgins;Rancagua;Hospital Dr. Franco Ravera Zunino;115100;6;166;197;84.26
Libertador Gral. B. O'Higgins;Servicio de Salud Del Libertador B.O'Higgins;Rengo;Hospital Dr. Ricardo Valenzuela Sáez (Rengo);115104;1;79;92;85.87
Libertador Gral. B. O'Higgins;Servicio de Salud Del Libertador B.O'Higgins;Rengo;Hospital Dr. Ricardo Valenzuela Sáez (Rengo);115104;2;68;75;90.67
Libertador Gral. B. O'Higgins;Servicio de Salud Del Libertador B.O'Higgins;Rengo;Hospital Dr. Ricardo Valenzuela Sáez (Rengo);115104;3;66;80;82.5
Libertador Gral. B. O'Higgins;Servicio de Salud Del Libertador B.O'Higgins;Rengo;Hospital Dr. Ricardo Valenzuela Sáez (Rengo);115104;4;62;70;88.57
Libertador Gral. B. O'Higgins;Servicio de Salud Del Libertador B.O'Higgins;Rengo;Hospital Dr. Ricardo Valenzuela Sáez (Rengo);115104;5;79;84;94.05
Libertador Gral. B. O'Higgins;Servicio de Salud Del Libertador B.O'Higgins;Rengo;Hospital Dr. Ricardo Valenzuela Sáez (Rengo);115104;6;57;65;87.69
Libertador Gral. B. O'Higgins;Servicio de Salud Del Libertador B.O'Higgins;San Fernando;Hospital San Juan de Dios de San Fernando;115107;1;64;77;83.12
Libertador Gral. B. O'Higgins;Servicio de Salud Del Libertador B.O'Higgins;San Fernando;Hospital San Juan de Dios de San Fernando;115107;2;72;75;96.0
Libertador Gral. B. O'Higgins;Servicio de Salud Del Libertador B.O'Higgins;San Fernando;Hospital San Juan de Dios de San Fernando;115107;3;55;59;93.22
Libertador Gral. B. O'Higgins;Servicio de Salud Del Libertador B.O'Higgins;San Fernando;Hospital San Juan de Dios de San Fernando;115107;4;70;73;95.89
Libertador Gral. B. O'Higgins;Servicio de Salud Del Libertador B.O'Higgins;San Fernando;Hospital San Juan de Dios de San Fernando;115107;5;60;65;92.31
Libertador Gral. B. O'Higgins;Servicio de Salud Del Libertador B.O'Higgins;San Fernando;Hospital San Juan de Dios de San Fernando;115107;6;57;63;90.48
Libertador Gral. B. O'Higgins;Servicio de Salud Del Libertador B.O'Higgins;San Vicente;Hospital San Vicente de Tagua -Tagua;115105;1;14;10;140.0
Libertador Gral. B. O'Higgins;Servicio de Salud Del Libertador B.O'Higgins;San Vicente;Hospital San Vicente de Tagua -Tagua;115105;2;6;3;200.0
Libertador Gral. B. O'Higgins;Servicio de Salud Del Libertador B.O'Higgins;San Vicente;Hospital San Vicente de Tagua -Tagua;115105;3;6;6;100.0
Libertador Gral. B. O'Higgins;Servicio de Salud Del Libertador B.O'Higgins;San Vicente;Hospital San Vicente de Tagua -Tagua;115105;4;5;3;166.67
Libertador Gral. B. O'Higgins;Servicio de Salud Del Libertador B.O'Higgins;San Vicente;Hospital San Vicente de Tagua -Tagua;115105;5;10;5;200.0
Libertador Gral. B. O'Higgins;Servicio de Salud Del Libertador B.O'Higgins;San Vicente;Hospital San Vicente de Tagua -Tagua;115105;6;6;4;150.0
Libertador Gral. B. O'Higgins;Servicio de Salud Del Libertador B.O'Higgins;Santa Cruz;Hospital de Santa Cruz;115110;1;64;68;94.12
Libertador Gral. B. O'Higgins;Servicio de Salud Del Libertador B.O'Higgins;Santa Cruz;Hospital de Santa Cruz;115110;2;56;60;93.33
Libertador Gral. B. O'Higgins;Servicio de Salud Del Libertador B.O'Higgins;Santa Cruz;Hospital de Santa Cruz;115110;3;67;70;95.71
Libertador Gral. B. O'Higgins;Servicio de Salud Del Libertador B.O'Higgins;Santa Cruz;Hospital de Santa Cruz;115110;4;61;64;95.31
Libertador Gral. B. O'Higgins;Servicio de Salud Del Libertador B.O'Higgins;Santa Cruz;Hospital de Santa Cruz;115110;5;50;52;96.15
Libertador Gral. B. O'Higgins;Servicio de Salud Del Libertador B.O'Higgins;Santa Cruz;Hospital de Santa Cruz;115110;6;57;60;95.0
Los Lagos;Servicio de Salud Chiloé;Ancud;Hospital de Ancud;133155;1;13;30;43.33
Los Lagos;Servicio de Salud Chiloé;Ancud;Hospital de Ancud;133155;2;17;16;106.25
Los Lagos;Servicio de Salud Chiloé;Ancud;Hospital de Ancud;133155;3;23;19;121.05
Los Lagos;Servicio de Salud Chiloé;Ancud;Hospital de Ancud;133155;4;20;20;100.0
Los Lagos;Servicio de Salud Chiloé;Ancud;Hospital de Ancud;133155;5;28;20;140.0
Los Lagos;Servicio de Salud Chiloé;Ancud;Hospital de Ancud;133155;6;26;22;118.18
Los Lagos;Servicio de Salud Chiloé;Castro;Hospital de Castro;133150;1;51;55;92.73
Los Lagos;Servicio de Salud Chiloé;Castro;Hospital de Castro;133150;2;30;62;48.39
Los Lagos;Servicio de Salud Chiloé;Castro;Hospital de Castro;133150;3;62;66;93.94
Los Lagos;Servicio de Salud Chiloé;Castro;Hospital de Castro;133150;4;100;66;151.52
Los Lagos;Servicio de Salud Chiloé;Castro;Hospital de Castro;133150;5;62;66;93.94
Los Lagos;Servicio de Salud Chiloé;Castro;Hospital de Castro;133150;6;65;66;98.48
Los Lagos;Servicio de Salud Chiloé;Quellón;Hospital de Quellón;133165;1;8;16;50.0
Los Lagos;Servicio de Salud Chiloé;Quellón;Hospital de Quellón;133165;2;17;18;94.44
Los Lagos;Servicio de Salud Chiloé;Quellón;Hospital de Quellón;133165;3;16;19;84.21
Los Lagos;Servicio de Salud Chiloé;Quellón;Hospital de Quellón;133165;4;11;12;91.67
Los Lagos;Servicio de Salud Chiloé;Quellón;Hospital de Quellón;133165;5;20;22;90.91
Los Lagos;Servicio de Salud Chiloé;Quellón;Hospital de Quellón;133165;6;38;21;180.95
Los Lagos;Servicio de Salud Del Reloncaví;Calbuco;Hospital de Calbuco;124130;1;0;1;0.0
Los Lagos;Servicio de Salud Del Reloncaví;Calbuco;Hospital de Calbuco;124130;2;1;1;100.0
Los Lagos;Servicio de Salud Del Reloncaví;Calbuco;Hospital de Calbuco;124130;5;2;1;200.0
Los Lagos;Servicio de Salud Del Reloncaví;Frutillar;Hospital de Frutillar;124115;3;1;0;
Los Lagos;Servicio de Salud Del Reloncaví;Frutillar;Hospital de Frutillar;124115;6;1;0;
Los Lagos;Servicio de Salud Del Reloncaví;Futaleufú;Hospital de Futaleufú;124145;6;1;0;
Los Lagos;Servicio de Salud Del Reloncaví;Puerto Montt;Hospital de Puerto Montt;124105;1;225;234;96.15
Los Lagos;Servicio de Salud Del Reloncaví;Puerto Montt;Hospital de Puerto Montt;124105;2;225;240;93.75
Los Lagos;Servicio de Salud Del Reloncaví;Puerto Montt;Hospital de Puerto Montt;124105;3;229;237;96.62
Los Lagos;Servicio de Salud Del Reloncaví;Puerto Montt;Hospital de Puerto Montt;124105;4;225;229;98.25
Los Lagos;Servicio de Salud Del Reloncaví;Puerto Montt;Hospital de Puerto Montt;124105;5;245;252;97.22
Los Lagos;Servicio de Salud Del Reloncaví;Puerto Montt;Hospital de Puerto Montt;124105;6;137;247;55.47
Los Lagos;Servicio de Salud Osorno;Osorno;Hospital Base San José de Osorno;123100;1;109;123;88.62
Los Lagos;Servicio de Salud Osorno;Osorno;Hospital Base San José de Osorno;123100;2;92;102;90.2
Los Lagos;Servicio de Salud Osorno;Osorno;Hospital Base San José de Osorno;123100;3;107;119;89.92
Los Lagos;Servicio de Salud Osorno;Osorno;Hospital Base San José de Osorno;123100;4;102;118;86.44
Los Lagos;Servicio de Salud Osorno;Osorno;Hospital Base San José de Osorno;123100;5;117;130;90.0
Los Lagos;Servicio de Salud Osorno;Osorno;Hospital Base San José de Osorno;123100;6;93;100;93.0
Los Ríos;Servicio de Salud Los Rios;La Unión;Hospital Juan Morey (La Unión);122104;1;5;5;100.0
Los Ríos;Servicio de Salud Los Rios;La Unión;Hospital Juan Morey (La Unión);122104;2;2;3;66.67
Los Ríos;Servicio de Salud Los Rios;La Unión;Hospital Juan Morey (La Unión);122104;3;1;1;100.0
Los Ríos;Servicio de Salud Los Rios;La Unión;Hospital Juan Morey (La Unión);122104;4;3;3;100.0
Los Ríos;Servicio de Salud Los Rios;La Unión;Hospital Juan Morey (La Unión);122104;5;6;6;100.0
Los Ríos;Servicio de Salud Los Rios;La Unión;Hospital Juan Morey (La Unión);122104;6;4;4;100.0
Los Ríos;Servicio de Salud Los Rios;Lanco;Hospital de Lanco;122103;1;1;1;100.0
Los Ríos;Servicio de Salud Los Rios;Los Lagos;Hospital de Los Lagos;122102;1;1;1;100.0
Los Ríos;Servicio de Salud Los Rios;Los Lagos;Hospital de Los Lagos;122102;2;2;2;100.0
Los Ríos;Servicio de Salud Los Rios;Los Lagos;Hospital de Los Lagos;122102;4;2;2;100.0
Los Ríos;Servicio de Salud Los Rios;Los Lagos;Hospital de Los Lagos;122102;5;2;1;200.0
Los Ríos;Servicio de Salud Los Rios;Mariquina;Hospital Santa Elisa de San José de la Mariquina;122200;1;1;1;100.0
Los Ríos;Servicio de Salud Los Rios;Mariquina;Hospital Santa Elisa de San José de la Mariquina;122200;2;1;1;100.0
Los Ríos;Servicio de Salud Los Rios;Mariquina;Hospital Santa Elisa de San José de la Mariquina;122200;3;5;5;100.0
Los Ríos;Servicio de Salud Los Rios;Mariquina;Hospital Santa Elisa de San José de la Mariquina;122200;4;1;1;100.0
Los Ríos;Servicio de Salud Los Rios;Mariquina;Hospital Santa Elisa de San José de la Mariquina;122200;5;1;2;50.0
Los Ríos;Servicio de Salud Los Rios;Mariquina;Hospital Santa Elisa de San José de la Mariquina;122200;6;3;3;100.0
Los Ríos;Servicio de Salud Los Rios;Paillaco;Hospital de Paillaco;122106;1;2;3;66.67
Los Ríos;Servicio de Salud Los Rios;Paillaco;Hospital de Paillaco;122106;2;8;4;200.0
Los Ríos;Servicio de Salud Los Rios;Paillaco;Hospital de Paillaco;122106;3;8;4;200.0
Los Ríos;Servicio de Salud Los Rios;Paillaco;Hospital de Paillaco;122106;4;2;1;200.0
Los Ríos;Servicio de Salud Los Rios;Paillaco;Hospital de Paillaco;122106;5;3;2;150.0
Los Ríos;Servicio de Salud Los Rios;Paillaco;Hospital de Paillaco;122106;6;3;2;150.0
Los Ríos;Servicio de Salud Los Rios;Panguipulli;Hospital de Panguipulli;122201;1;2;4;50.0
Los Ríos;Servicio de Salud Los Rios;Panguipulli;Hospital de Panguipulli;122201;2;2;2;100.0
Los Ríos;Servicio de Salud Los Rios;Panguipulli;Hospital de Panguipulli;122201;3;6;6;100.0
Los Ríos;Servicio de Salud Los Rios;Panguipulli;Hospital de Panguipulli;122201;4;2;1;200.0
Los Ríos;Servicio de Salud Los Rios;Panguipulli;Hospital de Panguipulli;122201;5;6;3;200.0
Los Ríos;Servicio de Salud Los Rios;Panguipulli;Hospital de Panguipulli;122201;6;1;2;50.0
Los Ríos;Servicio de Salud Los Rios;Río Bueno;Hospital de Río Bueno;122105;2;1;2;50.0
Los Ríos;Servicio de Salud Los Rios;Río Bueno;Hospital de Río Bueno;122105;3;0;1;0.0
Los Ríos;Servicio de Salud Los Rios;Río Bueno;Hospital de Río Bueno;122105;5;4;2;200.0
Los Ríos;Servicio de Salud Los Rios;Río Bueno;Hospital de Río Bueno;122105;6;1;1;100.0
Los Ríos;Servicio de Salud Los Rios;Valdivia;Hospital Base Valdivia;122100;1;157;140;112.14
Los Ríos;Servicio de Salud Los Rios;Valdivia;Hospital Base Valdivia;122100;2;113;115;98.26
Los Ríos;Servicio de Salud Los Rios;Valdivia;Hospital Base Valdivia;122100;3;196;142;138.03
Los Ríos;Servicio de Salud Los Rios;Valdivia;Hospital Base Valdivia;122100;4;139;155;89.68
Los Ríos;Servicio de Salud Los Rios;Valdivia;Hospital Base Valdivia;122100;5;117;145;80.69
Los Ríos;Servicio de Salud Los Rios;Valdivia;Hospital Base Valdivia;122100;6;113;137;82.48
Magallanes y de la Antártica Chilena;Servicio de Salud Magallanes;Natales;Hospital Dr. Augusto Essmann Burgos ( Natales);126101;1;13;14;92.86
Magallanes y de la Antártica Chilena;Servicio de Salud Magallanes;Natales;Hospital Dr. Augusto Essmann Burgos ( Natales);126101;2;11;11;100.0
Magallanes y de la Antártica Chilena;Servicio de Salud Magallanes;Natales;Hospital Dr. Augusto Essmann Burgos ( Natales);126101;3;15;15;100.0
Magallanes y de la Antártica Chilena;Servicio de Salud Magallanes;Natales;Hospital Dr. Augusto Essmann Burgos ( Natales);126101;4;17;19;89.47
Magallanes y de la Antártica Chilena;Servicio de Salud Magallanes;Natales;Hospital Dr. Augusto Essmann Burgos ( Natales);126101;5;14;14;100.0
Magallanes y de la Antártica Chilena;Servicio de Salud Magallanes;Natales;Hospital Dr. Augusto Essmann Burgos ( Natales);126101;6;17;17;100.0
Magallanes y de la Antártica Chilena;Servicio de Salud Magallanes;Punta Arenas;Hospital Clínico de Magallanes Dr. Lautaro Navarro Avaria;126100;1;85;60;141.67
Magallanes y de la Antártica Chilena;Servicio de Salud Magallanes;Punta Arenas;Hospital Clínico de Magallanes Dr. Lautaro Navarro Avaria;126100;2;55;57;96.49
Magallanes y de la Antártica Chilena;Servicio de Salud Magallanes;Punta Arenas;Hospital Clínico de Magallanes Dr. Lautaro Navarro Avaria;126100;3;63;67;94.03
Magallanes y de la Antártica Chilena;Servicio de Salud Magallanes;Punta Arenas;Hospital Clínico de Magallanes Dr. Lautaro Navarro Avaria;126100;4;59;61;96.72
Magallanes y de la Antártica Chilena;Servicio de Salud Magallanes;Punta Arenas;Hospital Clínico de Magallanes Dr. Lautaro Navarro Avaria;126100;5;55;61;90.16
Magallanes y de la Antártica Chilena;Servicio de Salud Magallanes;Punta Arenas;Hospital Clínico de Magallanes Dr. Lautaro Navarro Avaria;126100;6;97;70;138.57
Maule;Servicio de Salud Del Maule;Cauquenes;Hospital San Juan de Dios (Cauquenes);116111;1;4;5;80.0
Maule;Servicio de Salud Del Maule;Cauquenes;Hospital San Juan de Dios (Cauquenes);116111;2;5;6;83.33
Maule;Servicio de Salud Del Maule;Cauquenes;Hospital San Juan de Dios (Cauquenes);116111;3;13;14;92.86
Maule;Servicio de Salud Del Maule;Cauquenes;Hospital San Juan de Dios (Cauquenes);116111;4;8;8;100.0
Maule;Servicio de Salud Del Maule;Cauquenes;Hospital San Juan de Dios (Cauquenes);116111;5;8;9;88.89
Maule;Servicio de Salud Del Maule;Cauquenes;Hospital San Juan de Dios (Cauquenes);116111;6;10;11;90.91
Maule;Servicio de Salud Del Maule;Constitución;Hospital de Constitución;116107;1;3;4;75.0
Maule;Servicio de Salud Del Maule;Constitución;Hospital de Constitución;116107;2;0;3;0.0
Maule;Servicio de Salud Del Maule;Constitución;Hospital de Constitución;116107;3;5;4;125.0
Maule;Servicio de Salud Del Maule;Constitución;Hospital de Constitución;116107;4;2;2;100.0
Maule;Servicio de Salud Del Maule;Constitución;Hospital de Constitución;116107;5;8;7;114.29
Maule;Servicio de Salud Del Maule;Constitución;Hospital de Constitución;116107;6;6;4;150.0
Maule;Servicio de Salud Del Maule;Curepto;Hospital de Curepto;116106;6;2;2;100.0
Maule;Servicio de Salud Del Maule;Curicó;Hospital San Juan de Dios (Curicó);116100;1;182;189;96.3
Maule;Servicio de Salud Del Maule;Curicó;Hospital San Juan de Dios (Curicó);116100;2;164;173;94.8
Maule;Servicio de Salud Del Maule;Curicó;Hospital San Juan de Dios (Curicó);116100;3;163;167;97.6
Maule;Servicio de Salud Del Maule;Curicó;Hospital San Juan de Dios (Curicó);116100;4;147;153;96.08
Maule;Servicio de Salud Del Maule;Curicó;Hospital San Juan de Dios (Curicó);116100;5;193;195;98.97
Maule;Servicio de Salud Del Maule;Curicó;Hospital San Juan de Dios (Curicó);116100;6;166;171;97.08
Maule;Servicio de Salud Del Maule;Licantén;Hospital de Licantén;116104;2;1;1;100.0
Maule;Servicio de Salud Del Maule;Linares;Hospital Presidente Carlos Ibáñez del Campo (Linares);116108;1;97;120;80.83
Maule;Servicio de Salud Del Maule;Linares;Hospital Presidente Carlos Ibáñez del Campo (Linares);116108;2;86;107;80.37
Maule;Servicio de Salud Del Maule;Linares;Hospital Presidente Carlos Ibáñez del Campo (Linares);116108;3;112;130;86.15
Maule;Servicio de Salud Del Maule;Linares;Hospital Presidente Carlos Ibáñez del Campo (Linares);116108;4;103;118;87.29
Maule;Servicio de Salud Del Maule;Linares;Hospital Presidente Carlos Ibáñez del Campo (Linares);116108;5;92;113;81.42
Maule;Servicio de Salud Del Maule;Linares;Hospital Presidente Carlos Ibáñez del Campo (Linares);116108;6;84;105;80.0
Maule;Servicio de Salud Del Maule;Parral;Hospital San José (Parral);116110;1;0;10;0.0
Maule;Servicio de Salud Del Maule;Parral;Hospital San José (Parral);116110;2;3;2;150.0
Maule;Servicio de Salud Del Maule;Parral;Hospital San José (Parral);116110;3;8;8;100.0
Maule;Servicio de Salud Del Maule;Parral;Hospital San José (Parral);116110;4;6;12;50.0
Maule;Servicio de Salud Del Maule;Parral;Hospital San José (Parral);116110;5;18;15;120.0
Maule;Servicio de Salud Del Maule;Parral;Hospital San José (Parral);116110;6;4;10;40.0
Maule;Servicio de Salud Del Maule;San Javier;Hospital Dr. Abel Fuentealba Lagos de San Javier;116109;1;6;10;60.0
Maule;Servicio de Salud Del Maule;San Javier;Hospital Dr. Abel Fuentealba Lagos de San Javier;116109;2;4;4;100.0
Maule;Servicio de Salud Del Maule;San Javier;Hospital Dr. Abel Fuentealba Lagos de San Javier;116109;3;9;9;100.0
Maule;Servicio de Salud Del Maule;San Javier;Hospital Dr. Abel Fuentealba Lagos de San Javier;116109;4;2;2;100.0
Maule;Servicio de Salud Del Maule;San Javier;Hospital Dr. Abel Fuentealba Lagos de San Javier;116109;5;0;7;0.0
Maule;Servicio de Salud Del Maule;San Javier;Hospital Dr. Abel Fuentealba Lagos de San Javier;116109;6;3;11;27.27
Maule;Servicio de Salud Del Maule;Talca;Hospital Dr. César Garavagno Burotto (Talca);116105;1;339;359;94.43
Maule;Servicio de Salud Del Maule;Talca;Hospital Dr. César Garavagno Burotto (Talca);116105;2;248;269;92.19
Maule;Servicio de Salud Del Maule;Talca;Hospital Dr. César Garavagno Burotto (Talca);116105;3;333;358;93.02
Maule;Servicio de Salud Del Maule;Talca;Hospital Dr. César Garavagno Burotto (Talca);116105;4;372;324;114.81
Maule;Servicio de Salud Del Maule;Talca;Hospital Dr. César Garavagno Burotto (Talca);116105;5;305;332;91.87
Maule;Servicio de Salud Del Maule;Talca;Hospital Dr. César Garavagno Burotto (Talca);116105;6;271;296;91.55
Metropolitana de Santiago;Servicio de Salud Metropolitano Central;Maipú;Hospital Clínico Metropolitano El Carmen Doctor Luis Valentín Ferrada;111101;1;183;189;96.83
Metropolitana de Santiago;Servicio de Salud Metropolitano Central;Maipú;Hospital Clínico Metropolitano El Carmen Doctor Luis Valentín Ferrada;111101;2;175;177;98.87
Metropolitana de Santiago;Servicio de Salud Metropolitano Central;Maipú;Hospital Clínico Metropolitano El Carmen Doctor Luis Valentín Ferrada;111101;3;209;217;96.31
Metropolitana de Santiago;Servicio de Salud Metropolitano Central;Maipú;Hospital Clínico Metropolitano El Carmen Doctor Luis Valentín Ferrada;111101;4;161;168;95.83
Metropolitana de Santiago;Servicio de Salud Metropolitano Central;Maipú;Hospital Clínico Metropolitano El Carmen Doctor Luis Valentín Ferrada;111101;5;197;204;96.57
Metropolitana de Santiago;Servicio de Salud Metropolitano Central;Maipú;Hospital Clínico Metropolitano El Carmen Doctor Luis Valentín Ferrada;111101;6;97;185;52.43
Metropolitana de Santiago;Servicio de Salud Metropolitano Central;Santiago;Hospital Clínico San Borja Arriarán;111100;1;240;269;89.22
Metropolitana de Santiago;Servicio de Salud Metropolitano Central;Santiago;Hospital Clínico San Borja Arriarán;111100;2;181;225;80.44
Metropolitana de Santiago;Servicio de Salud Metropolitano Central;Santiago;Hospital Clínico San Borja Arriarán;111100;3;224;242;92.56
Metropolitana de Santiago;Servicio de Salud Metropolitano Central;Santiago;Hospital Clínico San Borja Arriarán;111100;4;216;235;91.91
Metropolitana de Santiago;Servicio de Salud Metropolitano Central;Santiago;Hospital Clínico San Borja Arriarán;111100;5;247;269;91.82
Metropolitana de Santiago;Servicio de Salud Metropolitano Central;Santiago;Hospital Clínico San Borja Arriarán;111100;6;220;241;91.29
Metropolitana de Santiago;Servicio de Salud Metropolitano Norte;Colina;SAR Colina;109810;2;2;2;100.0
Metropolitana de Santiago;Servicio de Salud Metropolitano Norte;Colina;SAR Colina;109810;4;0;1;0.0
Metropolitana de Santiago;Servicio de Salud Metropolitano Norte;Colina;SAR Colina;109810;5;0;1;0.0
Metropolitana de Santiago;Servicio de Salud Metropolitano Norte;Independencia;Complejo Hospitalario San José (Santiago, Independencia);109100;1;321;373;86.06
Metropolitana de Santiago;Servicio de Salud Metropolitano Norte;Independencia;Complejo Hospitalario San José (Santiago, Independencia);109100;2;323;354;91.24
Metropolitana de Santiago;Servicio de Salud Metropolitano Norte;Independencia;Complejo Hospitalario San José (Santiago, Independencia);109100;3;358;373;95.98
Metropolitana de Santiago;Servicio de Salud Metropolitano Norte;Independencia;Complejo Hospitalario San José (Santiago, Independencia);109100;4;362;388;93.3
Metropolitana de Santiago;Servicio de Salud Metropolitano Norte;Independencia;Complejo Hospitalario San José (Santiago, Independencia);109100;5;362;393;92.11
Metropolitana de Santiago;Servicio de Salud Metropolitano Norte;Independencia;Complejo Hospitalario San José (Santiago, Independencia);109100;6;317;347;91.35
Metropolitana de Santiago;Servicio de Salud Metropolitano Occidente;Cerro Navia;Hospital  Félix Bulnes Cerda;110120;1;207;216;95.83
Metropolitana de Santiago;Servicio de Salud Metropolitano Occidente;Cerro Navia;Hospital  Félix Bulnes Cerda;110120;2;183;194;94.33
Metropolitana de Santiago;Servicio de Salud Metropolitano Occidente;Cerro Navia;Hospital  Félix Bulnes Cerda;110120;3;114;217;52.53
Metropolitana de Santiago;Servicio de Salud Metropolitano Occidente;Cerro Navia;Hospital  Félix Bulnes Cerda;110120;4;215;232;92.67
Metropolitana de Santiago;Servicio de Salud Metropolitano Occidente;Cerro Navia;Hospital  Félix Bulnes Cerda;110120;5;232;232;100.0
Metropolitana de Santiago;Servicio de Salud Metropolitano Occidente;Cerro Navia;Hospital  Félix Bulnes Cerda;110120;6;213;217;98.16
Metropolitana de Santiago;Servicio de Salud Metropolitano Occidente;Melipilla;Hospital San José (Melipilla);110150;1;104;109;95.41
Metropolitana de Santiago;Servicio de Salud Metropolitano Occidente;Melipilla;Hospital San José (Melipilla);110150;2;34;100;34.0
Metropolitana de Santiago;Servicio de Salud Metropolitano Occidente;Melipilla;Hospital San José (Melipilla);110150;3;145;120;120.83
Metropolitana de Santiago;Servicio de Salud Metropolitano Occidente;Melipilla;Hospital San José (Melipilla);110150;4;121;125;96.8
Metropolitana de Santiago;Servicio de Salud Metropolitano Occidente;Melipilla;Hospital San José (Melipilla);110150;5;108;117;92.31
Metropolitana de Santiago;Servicio de Salud Metropolitano Occidente;Melipilla;Hospital San José (Melipilla);110150;6;109;113;96.46
Metropolitana de Santiago;Servicio de Salud Metropolitano Occidente;Peñaflor;Hospital de Peñaflor;110140;1;2;2;100.0
Metropolitana de Santiago;Servicio de Salud Metropolitano Occidente;Peñaflor;Hospital de Peñaflor;110140;2;2;2;100.0
Metropolitana de Santiago;Servicio de Salud Metropolitano Occidente;Peñaflor;Hospital de Peñaflor;110140;3;7;7;100.0
Metropolitana de Santiago;Servicio de Salud Metropolitano Occidente;Peñaflor;Hospital de Peñaflor;110140;4;4;10;40.0
Metropolitana de Santiago;Servicio de Salud Metropolitano Occidente;Peñaflor;Hospital de Peñaflor;110140;5;2;3;66.67
Metropolitana de Santiago;Servicio de Salud Metropolitano Occidente;Peñaflor;Hospital de Peñaflor;110140;6;6;8;75.0
Metropolitana de Santiago;Servicio de Salud Metropolitano Occidente;Santiago;Hospital San Juan de Dios (Santiago, Santiago);110100;1;184;194;94.85
Metropolitana de Santiago;Servicio de Salud Metropolitano Occidente;Santiago;Hospital San Juan de Dios (Santiago, Santiago);110100;2;156;162;96.3
Metropolitana de Santiago;Servicio de Salud Metropolitano Occidente;Santiago;Hospital San Juan de Dios (Santiago, Santiago);110100;3;204;212;96.23
Metropolitana de Santiago;Servicio de Salud Metropolitano Occidente;Santiago;Hospital San Juan de Dios (Santiago, Santiago);110100;4;238;195;122.05
Metropolitana de Santiago;Servicio de Salud Metropolitano Occidente;Santiago;Hospital San Juan de Dios (Santiago, Santiago);110100;5;164;168;97.62
Metropolitana de Santiago;Servicio de Salud Metropolitano Occidente;Santiago;Hospital San Juan de Dios (Santiago, Santiago);110100;6;155;163;95.09
Metropolitana de Santiago;Servicio de Salud Metropolitano Occidente;Talagante;Hospital Adalberto Steeger (Talagante);110130;1;36;76;47.37
Metropolitana de Santiago;Servicio de Salud Metropolitano Occidente;Talagante;Hospital Adalberto Steeger (Talagante);110130;2;31;67;46.27
Metropolitana de Santiago;Servicio de Salud Metropolitano Occidente;Talagante;Hospital Adalberto Steeger (Talagante);110130;3;37;90;41.11
Metropolitana de Santiago;Servicio de Salud Metropolitano Occidente;Talagante;Hospital Adalberto Steeger (Talagante);110130;4;42;88;47.73
Metropolitana de Santiago;Servicio de Salud Metropolitano Occidente;Talagante;Hospital Adalberto Steeger (Talagante);110130;5;45;81;55.56
Metropolitana de Santiago;Servicio de Salud Metropolitano Oriente;Peñalolén;Hospital Dr. Luis Tisné B. (Santiago, Peñalolén);112101;1;242;258;93.8
Metropolitana de Santiago;Servicio de Salud Metropolitano Oriente;Peñalolén;Hospital Dr. Luis Tisné B. (Santiago, Peñalolén);112101;2;195;203;96.06
Metropolitana de Santiago;Servicio de Salud Metropolitano Oriente;Peñalolén;Hospital Dr. Luis Tisné B. (Santiago, Peñalolén);112101;3;243;255;95.29
Metropolitana de Santiago;Servicio de Salud Metropolitano Oriente;Peñalolén;Hospital Dr. Luis Tisné B. (Santiago, Peñalolén);112101;4;231;244;94.67
Metropolitana de Santiago;Servicio de Salud Metropolitano Oriente;Peñalolén;Hospital Dr. Luis Tisné B. (Santiago, Peñalolén);112101;5;257;264;97.35
Metropolitana de Santiago;Servicio de Salud Metropolitano Oriente;Peñalolén;Hospital Dr. Luis Tisné B. (Santiago, Peñalolén);112101;6;229;237;96.62
Metropolitana de Santiago;Servicio de Salud Metropolitano Sur;Buin;Hospital San Luis (Buin);113150;1;68;72;94.44
Metropolitana de Santiago;Servicio de Salud Metropolitano Sur;Buin;Hospital San Luis (Buin);113150;2;90;61;147.54
Metropolitana de Santiago;Servicio de Salud Metropolitano Sur;Buin;Hospital San Luis (Buin);113150;3;53;56;94.64
Metropolitana de Santiago;Servicio de Salud Metropolitano Sur;Buin;Hospital San Luis (Buin);113150;4;48;50;96.0
Metropolitana de Santiago;Servicio de Salud Metropolitano Sur;Buin;Hospital San Luis (Buin);113150;5;60;67;89.55
Metropolitana de Santiago;Servicio de Salud Metropolitano Sur;Buin;Hospital San Luis (Buin);113150;6;57;60;95.0
Metropolitana de Santiago;Servicio de Salud Metropolitano Sur;San Bernardo;Hospital El Pino (Santiago, San Bernardo);113180;1;156;164;95.12
Metropolitana de Santiago;Servicio de Salud Metropolitano Sur;San Bernardo;Hospital El Pino (Santiago, San Bernardo);113180;2;156;155;100.65
Metropolitana de Santiago;Servicio de Salud Metropolitano Sur;San Bernardo;Hospital El Pino (Santiago, San Bernardo);113180;3;150;154;97.4
Metropolitana de Santiago;Servicio de Salud Metropolitano Sur;San Bernardo;Hospital El Pino (Santiago, San Bernardo);113180;4;170;174;97.7
Metropolitana de Santiago;Servicio de Salud Metropolitano Sur;San Bernardo;Hospital El Pino (Santiago, San Bernardo);113180;5;158;165;95.76
Metropolitana de Santiago;Servicio de Salud Metropolitano Sur;San Bernardo;Hospital El Pino (Santiago, San Bernardo);113180;6;159;164;96.95
Metropolitana de Santiago;Servicio de Salud Metropolitano Sur;San Bernardo;Hospital Parroquial de San Bernardo (D);113190;1;117;121;96.69
Metropolitana de Santiago;Servicio de Salud Metropolitano Sur;San Bernardo;Hospital Parroquial de San Bernardo (D);113190;2;78;95;82.11
Metropolitana de Santiago;Servicio de Salud Metropolitano Sur;San Bernardo;Hospital Parroquial de San Bernardo (D);113190;3;85;85;100.0
Metropolitana de Santiago;Servicio de Salud Metropolitano Sur;San Bernardo;Hospital Parroquial de San Bernardo (D);113190;4;96;97;98.97
Metropolitana de Santiago;Servicio de Salud Metropolitano Sur;San Bernardo;Hospital Parroquial de San Bernardo (D);113190;5;77;79;97.47
Metropolitana de Santiago;Servicio de Salud Metropolitano Sur;San Bernardo;Hospital Parroquial de San Bernardo (D);113190;6;85;92;92.39
Metropolitana de Santiago;Servicio de Salud Metropolitano Sur;San Miguel;Hospital Barros Luco Trudeau (Santiago, San Miguel);113100;1;186;196;94.9
Metropolitana de Santiago;Servicio de Salud Metropolitano Sur;San Miguel;Hospital Barros Luco Trudeau (Santiago, San Miguel);113100;2;158;177;89.27
Metropolitana de Santiago;Servicio de Salud Metropolitano Sur;San Miguel;Hospital Barros Luco Trudeau (Santiago, San Miguel);113100;3;209;240;87.08
Metropolitana de Santiago;Servicio de Salud Metropolitano Sur;San Miguel;Hospital Barros Luco Trudeau (Santiago, San Miguel);113100;4;164;181;90.61
Metropolitana de Santiago;Servicio de Salud Metropolitano Sur;San Miguel;Hospital Barros Luco Trudeau (Santiago, San Miguel);113100;5;136;223;60.99
Metropolitana de Santiago;Servicio de Salud Metropolitano Sur;San Miguel;Hospital Barros Luco Trudeau (Santiago, San Miguel);113100;6;175;196;89.29
Metropolitana de Santiago;Servicio de Salud Metropolitano Sur Oriente;La Florida;Hospital Clínico Metropolitano La Florida Dra. Eloísa Díaz Insunza;114105;1;178;192;92.71
Metropolitana de Santiago;Servicio de Salud Metropolitano Sur Oriente;La Florida;Hospital Clínico Metropolitano La Florida Dra. Eloísa Díaz Insunza;114105;2;178;187;95.19
Metropolitana de Santiago;Servicio de Salud Metropolitano Sur Oriente;La Florida;Hospital Clínico Metropolitano La Florida Dra. Eloísa Díaz Insunza;114105;3;168;174;96.55
Metropolitana de Santiago;Servicio de Salud Metropolitano Sur Oriente;La Florida;Hospital Clínico Metropolitano La Florida Dra. Eloísa Díaz Insunza;114105;4;167;174;95.98
Metropolitana de Santiago;Servicio de Salud Metropolitano Sur Oriente;La Florida;Hospital Clínico Metropolitano La Florida Dra. Eloísa Díaz Insunza;114105;5;161;171;94.15
Metropolitana de Santiago;Servicio de Salud Metropolitano Sur Oriente;La Florida;Hospital Clínico Metropolitano La Florida Dra. Eloísa Díaz Insunza;114105;6;154;163;94.48
Metropolitana de Santiago;Servicio de Salud Metropolitano Sur Oriente;Puente Alto;Complejo Hospitalario Dr. Sótero del Río (Santiago, Puente Alto);114101;1;413;262;157.63
Metropolitana de Santiago;Servicio de Salud Metropolitano Sur Oriente;Puente Alto;Complejo Hospitalario Dr. Sótero del Río (Santiago, Puente Alto);114101;2;270;219;123.29
Metropolitana de Santiago;Servicio de Salud Metropolitano Sur Oriente;Puente Alto;Complejo Hospitalario Dr. Sótero del Río (Santiago, Puente Alto);114101;3;317;257;123.35
Metropolitana de Santiago;Servicio de Salud Metropolitano Sur Oriente;Puente Alto;Complejo Hospitalario Dr. Sótero del Río (Santiago, Puente Alto);114101;4;311;270;115.19
Metropolitana de Santiago;Servicio de Salud Metropolitano Sur Oriente;Puente Alto;Complejo Hospitalario Dr. Sótero del Río (Santiago, Puente Alto);114101;5;308;256;120.31
Metropolitana de Santiago;Servicio de Salud Metropolitano Sur Oriente;Puente Alto;Complejo Hospitalario Dr. Sótero del Río (Santiago, Puente Alto);114101;6;270;230;117.39
Metropolitana de Santiago;Servicio de Salud Metropolitano Sur Oriente;San Ramón;Hospital Padre Alberto Hurtado (San Ramón);114103;1;191;180;106.11
Metropolitana de Santiago;Servicio de Salud Metropolitano Sur Oriente;San Ramón;Hospital Padre Alberto Hurtado (San Ramón);114103;2;123;138;89.13
Metropolitana de Santiago;Servicio de Salud Metropolitano Sur Oriente;San Ramón;Hospital Padre Alberto Hurtado (San Ramón);114103;3;161;173;93.06
Metropolitana de Santiago;Servicio de Salud Metropolitano Sur Oriente;San Ramón;Hospital Padre Alberto Hurtado (San Ramón);114103;4;152;165;92.12
Metropolitana de Santiago;Servicio de Salud Metropolitano Sur Oriente;San Ramón;Hospital Padre Alberto Hurtado (San Ramón);114103;5;153;161;95.03
Metropolitana de Santiago;Servicio de Salud Metropolitano Sur Oriente;San Ramón;Hospital Padre Alberto Hurtado (San Ramón);114103;6;125;139;89.93
Tarapacá;Servicio de Salud Tarapacá;Alto Hospicio;Centro de Salud Familiar Pedro Pulgar Melgarejo;102305;6;2;0;
Tarapacá;Servicio de Salud Tarapacá;Alto Hospicio;Hospital de Alto Hospicio;201319;1;3;3;100.0
Tarapacá;Servicio de Salud Tarapacá;Alto Hospicio;Hospital de Alto Hospicio;201319;2;3;3;100.0
Tarapacá;Servicio de Salud Tarapacá;Alto Hospicio;Hospital de Alto Hospicio;201319;3;2;2;100.0
Tarapacá;Servicio de Salud Tarapacá;Alto Hospicio;Hospital de Alto Hospicio;201319;4;7;7;100.0
Tarapacá;Servicio de Salud Tarapacá;Alto Hospicio;Hospital de Alto Hospicio;201319;5;3;4;75.0
Tarapacá;Servicio de Salud Tarapacá;Alto Hospicio;Hospital de Alto Hospicio;201319;6;12;12;100.0
Tarapacá;Servicio de Salud Tarapacá;Iquique;Hospital Dr. Ernesto Torres Galdames (Iquique);102100;1;213;285;74.74
Tarapacá;Servicio de Salud Tarapacá;Iquique;Hospital Dr. Ernesto Torres Galdames (Iquique);102100;2;182;242;75.21
Tarapacá;Servicio de Salud Tarapacá;Iquique;Hospital Dr. Ernesto Torres Galdames (Iquique);102100;3;208;261;79.69
Tarapacá;Servicio de Salud Tarapacá;Iquique;Hospital Dr. Ernesto Torres Galdames (Iquique);102100;4;188;265;70.94
Tarapacá;Servicio de Salud Tarapacá;Iquique;Hospital Dr. Ernesto Torres Galdames (Iquique);102100;5;183;263;69.58
Tarapacá;Servicio de Salud Tarapacá;Iquique;Hospital Dr. Ernesto Torres Galdames (Iquique);102100;6;177;272;65.07
Valparaíso;Servicio de Salud Aconcagua;Llaillay;Hospital San Francisco (Llaillay);108102;3;0;2;0.0
Valparaíso;Servicio de Salud Aconcagua;Los Andes;Hospital San Juan de Dios (Los Andes);108101;1;62;64;96.88
Valparaíso;Servicio de Salud Aconcagua;Los Andes;Hospital San Juan de Dios (Los Andes);108101;2;36;38;94.74
Valparaíso;Servicio de Salud Aconcagua;Los Andes;Hospital San Juan de Dios (Los Andes);108101;3;65;66;98.48
Valparaíso;Servicio de Salud Aconcagua;Los Andes;Hospital San Juan de Dios (Los Andes);108101;4;53;57;92.98
Valparaíso;Servicio de Salud Aconcagua;Los Andes;Hospital San Juan de Dios (Los Andes);108101;5;51;51;100.0
Valparaíso;Servicio de Salud Aconcagua;Los Andes;Hospital San Juan de Dios (Los Andes);108101;6;66;68;97.06
Valparaíso;Servicio de Salud Aconcagua;San Felipe;Hospital San Camilo de San Felipe;108100;1;100;102;98.04
Valparaíso;Servicio de Salud Aconcagua;San Felipe;Hospital San Camilo de San Felipe;108100;2;106;109;97.25
Valparaíso;Servicio de Salud Aconcagua;San Felipe;Hospital San Camilo de San Felipe;108100;3;103;108;95.37
Valparaíso;Servicio de Salud Aconcagua;San Felipe;Hospital San Camilo de San Felipe;108100;4;99;107;92.52
Valparaíso;Servicio de Salud Aconcagua;San Felipe;Hospital San Camilo de San Felipe;108100;5;95;97;97.94
Valparaíso;Servicio de Salud Aconcagua;San Felipe;Hospital San Camilo de San Felipe;108100;6;90;97;92.78
Valparaíso;Servicio de Salud Metropolitano Oriente;Isla de Pascua;Hospital Hanga Roa (Isla De Pascua);112107;1;8;6;133.33
Valparaíso;Servicio de Salud Metropolitano Oriente;Isla de Pascua;Hospital Hanga Roa (Isla De Pascua);112107;2;10;9;111.11
Valparaíso;Servicio de Salud Metropolitano Oriente;Isla de Pascua;Hospital Hanga Roa (Isla De Pascua);112107;3;10;10;100.0
Valparaíso;Servicio de Salud Metropolitano Oriente;Isla de Pascua;Hospital Hanga Roa (Isla De Pascua);112107;4;3;3;100.0
Valparaíso;Servicio de Salud Metropolitano Oriente;Isla de Pascua;Hospital Hanga Roa (Isla De Pascua);112107;5;8;7;114.29
Valparaíso;Servicio de Salud Metropolitano Oriente;Isla de Pascua;Hospital Hanga Roa (Isla De Pascua);112107;6;14;8;175.0
Valparaíso;Servicio de Salud Valparaíso San Antonio;San Antonio;Hospital Claudio Vicuña (San Antonio);106103;1;86;93;92.47
Valparaíso;Servicio de Salud Valparaíso San Antonio;San Antonio;Hospital Claudio Vicuña (San Antonio);106103;2;99;106;93.4
Valparaíso;Servicio de Salud Valparaíso San Antonio;San Antonio;Hospital Claudio Vicuña (San Antonio);106103;3;90;97;92.78
Valparaíso;Servicio de Salud Valparaíso San Antonio;San Antonio;Hospital Claudio Vicuña (San Antonio);106103;4;93;93;100.0
Valparaíso;Servicio de Salud Valparaíso San Antonio;San Antonio;Hospital Claudio Vicuña (San Antonio);106103;5;93;94;98.94
Valparaíso;Servicio de Salud Valparaíso San Antonio;San Antonio;Hospital Claudio Vicuña (San Antonio);106103;6;93;96;96.88
Valparaíso;Servicio de Salud Valparaíso San Antonio;Valparaíso;Hospital Carlos Van Buren (Valparaíso);106100;1;111;119;93.28
Valparaíso;Servicio de Salud Valparaíso San Antonio;Valparaíso;Hospital Carlos Van Buren (Valparaíso);106100;2;104;113;92.04
Valparaíso;Servicio de Salud Valparaíso San Antonio;Valparaíso;Hospital Carlos Van Buren (Valparaíso);106100;3;117;128;91.41
Valparaíso;Servicio de Salud Valparaíso San Antonio;Valparaíso;Hospital Carlos Van Buren (Valparaíso);106100;4;126;136;92.65
Valparaíso;Servicio de Salud Valparaíso San Antonio;Valparaíso;Hospital Carlos Van Buren (Valparaíso);106100;5;127;137;92.7
Valparaíso;Servicio de Salud Valparaíso San Antonio;Valparaíso;Hospital Carlos Van Buren (Valparaíso);106100;6;124;131;94.66
Valparaíso;Servicio de Salud Viña del Mar Quillota;Cabildo;Hospital Dr. Víctor Hugo Moll (Cabildo);107106;3;1;1;100.0
Valparaíso;Servicio de Salud Viña del Mar Quillota;Cabildo;Hospital Dr. Víctor Hugo Moll (Cabildo);107106;4;0;1;0.0
Valparaíso;Servicio de Salud Viña del Mar Quillota;Cabildo;Hospital Dr. Víctor Hugo Moll (Cabildo);107106;6;1;1;100.0
Valparaíso;Servicio de Salud Viña del Mar Quillota;Calera;Hospital Dr. Mario Sánchez Vergara (La Calera);107103;3;2;1;200.0
Valparaíso;Servicio de Salud Viña del Mar Quillota;Calera;Hospital Dr. Mario Sánchez Vergara (La Calera);107103;4;0;1;0.0
Valparaíso;Servicio de Salud Viña del Mar Quillota;Calera;Hospital Dr. Mario Sánchez Vergara (La Calera);107103;6;2;2;100.0
Valparaíso;Servicio de Salud Viña del Mar Quillota;La Ligua;Hospital San Agustín (La Ligua);107105;1;1;2;50.0
Valparaíso;Servicio de Salud Viña del Mar Quillota;La Ligua;Hospital San Agustín (La Ligua);107105;3;1;2;50.0
Valparaíso;Servicio de Salud Viña del Mar Quillota;La Ligua;Hospital San Agustín (La Ligua);107105;6;2;2;100.0
Valparaíso;Servicio de Salud Viña del Mar Quillota;Limache;Hospital Santo Tomás (Limache);107104;3;0;1;0.0
Valparaíso;Servicio de Salud Viña del Mar Quillota;Limache;Hospital Santo Tomás (Limache);107104;4;1;1;100.0
Valparaíso;Servicio de Salud Viña del Mar Quillota;Limache;Hospital Santo Tomás (Limache);107104;6;2;1;200.0
Valparaíso;Servicio de Salud Viña del Mar Quillota;Quillota;Hospital Biprovincial Quillota Petorca;107101;1;89;97;91.75
Valparaíso;Servicio de Salud Viña del Mar Quillota;Quillota;Hospital Biprovincial Quillota Petorca;107101;2;96;110;87.27
Valparaíso;Servicio de Salud Viña del Mar Quillota;Quillota;Hospital Biprovincial Quillota Petorca;107101;3;115;135;85.19
Valparaíso;Servicio de Salud Viña del Mar Quillota;Quillota;Hospital Biprovincial Quillota Petorca;107101;4;114;121;94.21
Valparaíso;Servicio de Salud Viña del Mar Quillota;Quillota;Hospital Biprovincial Quillota Petorca;107101;5;112;116;96.55
Valparaíso;Servicio de Salud Viña del Mar Quillota;Quillota;Hospital Biprovincial Quillota Petorca;107101;6;85;97;87.63
Valparaíso;Servicio de Salud Viña del Mar Quillota;Quilpué;Hospital de Quilpué;107102;1;33;77;42.86
Valparaíso;Servicio de Salud Viña del Mar Quillota;Quilpué;Hospital de Quilpué;107102;2;37;79;46.84
Valparaíso;Servicio de Salud Viña del Mar Quillota;Quilpué;Hospital de Quilpué;107102;3;38;87;43.68
Valparaíso;Servicio de Salud Viña del Mar Quillota;Quilpué;Hospital de Quilpué;107102;4;44;86;51.16
Valparaíso;Servicio de Salud Viña del Mar Quillota;Quilpué;Hospital de Quilpué;107102;5;48;88;54.55
Valparaíso;Servicio de Salud Viña del Mar Quillota;Quilpué;Hospital de Quilpué;107102;6;43;85;50.59
Valparaíso;Servicio de Salud Viña del Mar Quillota;Quintero;Hospital Adriana Cousiño (Quintero);107108;6;1;1;100.0
Valparaíso;Servicio de Salud Viña del Mar Quillota;Viña del Mar;Hospital Dr. Gustavo Fricke (Viña del Mar);107100;1;240;173;138.73
Valparaíso;Servicio de Salud Viña del Mar Quillota;Viña del Mar;Hospital Dr. Gustavo Fricke (Viña del Mar);107100;2;193;148;130.41
Valparaíso;Servicio de Salud Viña del Mar Quillota;Viña del Mar;Hospital Dr. Gustavo Fricke (Viña del Mar);107100;3;244;179;136.31
Valparaíso;Servicio de Salud Viña del Mar Quillota;Viña del Mar;Hospital Dr. Gustavo Fricke (Viña del Mar);107100;4;235;177;132.77
Valparaíso;Servicio de Salud Viña del Mar Quillota;Viña del Mar;Hospital Dr. Gustavo Fricke (Viña del Mar);107100;5;238;173;137.57
Valparaíso;Servicio de Salud Viña del Mar Quillota;Viña del Mar;Hospital Dr. Gustavo Fricke (Viña del Mar);107100;6;198;180;110.0
Ñuble;Servicio de Salud Ñuble;Bulnes;Hospital Comunitario de Salud Familiar de Bulnes;117103;4;2;1;200.0
Ñuble;Servicio de Salud Ñuble;Bulnes;Hospital Comunitario de Salud Familiar de Bulnes;117103;5;2;1;200.0
Ñuble;Servicio de Salud Ñuble;Bulnes;Hospital Comunitario de Salud Familiar de Bulnes;117103;6;2;1;200.0
Ñuble;Servicio de Salud Ñuble;Chillán;Hospital Clínico Herminda Martín (Chillán);117101;1;143;163;87.73
Ñuble;Servicio de Salud Ñuble;Chillán;Hospital Clínico Herminda Martín (Chillán);117101;2;122;136;89.71
Ñuble;Servicio de Salud Ñuble;Chillán;Hospital Clínico Herminda Martín (Chillán);117101;3;137;164;83.54
Ñuble;Servicio de Salud Ñuble;Chillán;Hospital Clínico Herminda Martín (Chillán);117101;4;137;152;90.13
Ñuble;Servicio de Salud Ñuble;Chillán;Hospital Clínico Herminda Martín (Chillán);117101;5;121;139;87.05
Ñuble;Servicio de Salud Ñuble;Chillán;Hospital Clínico Herminda Martín (Chillán);117101;6;141;150;94.0
Ñuble;Servicio de Salud Ñuble;Quirihue;Hospital Comunitario de Salud Familiar de Quirihue;117106;1;3;3;100.0
Ñuble;Servicio de Salud Ñuble;Quirihue;Hospital Comunitario de Salud Familiar de Quirihue;117106;3;1;1;100.0
Ñuble;Servicio de Salud Ñuble;Quirihue;Hospital Comunitario de Salud Familiar de Quirihue;117106;4;1;1;100.0
Ñuble;Servicio de Salud Ñuble;Quirihue;Hospital Comunitario de Salud Familiar de Quirihue;117106;5;1;1;100.0
Ñuble;Servicio de Salud Ñuble;Quirihue;Hospital Comunitario de Salud Familiar de Quirihue;117106;6;1;1;100.0
Ñuble;Servicio de Salud Ñuble;San Carlos;Hospital de San Carlos;117102;1;34;34;100.0
Ñuble;Servicio de Salud Ñuble;San Carlos;Hospital de San Carlos;117102;2;61;40;152.5
Ñuble;Servicio de Salud Ñuble;San Carlos;Hospital de San Carlos;117102;3;45;32;140.62
Ñuble;Servicio de Salud Ñuble;San Carlos;Hospital de San Carlos;117102;4;56;37;151.35
Ñuble;Servicio de Salud Ñuble;San Carlos;Hospital de San Carlos;117102;5;66;47;140.43
Ñuble;Servicio de Salud Ñuble;San Carlos;Hospital de San Carlos;117102;6;50;30;166.67
